<?xml version="1.0" encoding="UTF-8" standalone="yes"?>
<addon id="repository.ninjasys" name="The [COLOR blue]Ninjasys[/COLOR] [COLOR red]repo[/COLOR] - [COLOR white]oneil[/COLOR]" version="1.0" provider-name="oneil">
	<extension point="xbmc.addon.repository" name="The [COLOR blue]Ninjasys[/COLOR] [COLOR red]repo[/COLOR] - [COLOR white]oneil[/COLOR]">
		<info compressed="false">http://r.ninjasys.uk/addons.xml</info>
		<checksum>http://r.ninjasys.uk/addons.xml.md5</checksum>
		<datadir zip="true">http://r.ninjasys.uk/zips</datadir>
	</extension>
	<extension point="xbmc.addon.metadata">
		<summary>The [COLOUR blue]Ninjasys[/COLOUR] repo.</summary>
		<description>The [COLOUR blue]Ninjasys[/COLOUR] repo, containing all of [COLOUR white]oneil's[/COLOUR] addons.</description>
		<platform>all</platform>
	</extension>
</addon>
