<?xml version="1.0" encoding="UTF-8" standalone="yes"?>
<addon id="repository.oneil" name="The [COLOR blue]oneil[/COLOR] [COLOR red]repo[/COLOR] - [COLOR white]xXx addons[/COLOR] [COLOR purple]by oneil[/COLOR]" version="1.3" provider-name="oneil">
	<extension point="xbmc.addon.repository" name="The [COLOR blue]oneil[/COLOR] [COLOR red]repo[/COLOR] - [COLOR white]xXx addons[/COLOR] [COLOR purple]by oneil[/COLOR]">
		<info compressed="false">http://r.spankbank.cf/addons.xml</info>
		<checksum>http://r.spankbank.cf/addons.xml.md5</checksum>
		<datadir zip="true">http://r.spankbank.cf/zips</datadir>
		<dir>
	<info compressed="false">https://raw.githubusercontent.com/Gujal00/smrzips/master/addons.xml</info>
    <checksum>https://raw.githubusercontent.com/Gujal00/smrzips/master/addons.xml.md5</checksum>
    <datadir zip="true">https://raw.githubusercontent.com/Gujal00/smrzips/master/zips/</datadir>
</dir>
	</extension>
	<extension point="xbmc.addon.metadata">
		<summary>The [COLOR blue]oneil[/COLOR] repo contains xXx addons.</summary>
		<description>The [COLOR blue]oneil[/COLOR] repo, containing all of [COLOR white]oneil's[/COLOR] porn addons.</description>
		<platform>all</platform>
	</extension>
</addon>
